{
  "total_prs": 343,
  "merged_count": 225,
  "unmerged_count": 118,
  "merge_rate": 0.6559766763848397,
  "feature_columns": 65,
  "ast_missing_rate": 2.1259760138109356,
  "cfg_missing_rate": 2.1259760138109356
}