{
  "dummy": {
    "type": "DummyClassifier",
    "test_metrics": {
      "accuracy": 0.6429,
      "precision": 0.6429,
      "recall": 1.0,
      "f1_score": 0.7826,
      "roc_auc": 0.5
    }
  },
  "logistic_regression": {
    "type": "LogisticRegression",
    "test_metrics": {
      "accuracy": 0.7,
      "precision": 0.7812,
      "recall": 0.7407,
      "f1_score": 0.7605,
      "roc_auc": 0.7457
    }
  },
  "svm": {
    "type": "SVM",
    "best_params": {
      "C": 10,
      "gamma": "scale",
      "kernel": "rbf"
    },
    "best_cv_score": 0.7301937500005823,
    "train_time_s": 5.6,
    "test_metrics": {
      "accuracy": 0.7238,
      "precision": 0.8031,
      "recall": 0.7556,
      "f1_score": 0.7786,
      "roc_auc": 0.7788
    }
  },
  "random_forest": {
    "type": "RandomForest",
    "best_params": {
      "max_depth": null,
      "max_features": "sqrt",
      "min_samples_leaf": 1,
      "min_samples_split": 2,
      "n_estimators": 500
    },
    "best_cv_score": 0.7238564252824183,
    "train_time_s": 21.6,
    "test_metrics": {
      "accuracy": 0.7429,
      "precision": 0.7455,
      "recall": 0.9111,
      "f1_score": 0.82,
      "roc_auc": 0.8062
    },
    "feature_importances": {
      "num_changed_files": 0.017063482200087667,
      "total_additions": 0.029478497708584878,
      "total_deletions": 0.0387324361223876,
      "num_commits": 0.01609539927354421,
      "code_churn": 0.03157758728084099,
      "net_lines": 0.03254868600187548,
      "additions_per_file": 0.033496138932653956,
      "deletions_per_file": 0.0399616377927731,
      "commits_per_file": 0.022196960456620198,
      "large_pr_flag": 0.0016622085184435345,
      "title_len": 0.03573542119833396,
      "body_len": 0.05062352483822768,
      "commit_msg_len": 0.041819203994706955,
      "title_word_count": 0.029341124008967042,
      "body_word_count": 0.0533806185304814,
      "commit_msg_word_count": 0.03399619848517618,
      "has_issue_link": 0.011772289188528622,
      "has_release_note": 0.006389716817481991,
      "body_empty_flag": 0.000898873801501758,
      "num_code_files": 0.009748025438594833,
      "num_doc_files": 0.006845374965088417,
      "num_config_files": 0.01047208182855713,
      "num_test_files": 0.011845101960775864,
      "test_file_ratio": 0.019189991417693366,
      "code_file_ratio": 0.012988961577474863,
      "doc_file_ratio": 0.010535113842335233,
      "has_py": 0.00770179817324528,
      "has_go": 0.004726030607899672,
      "has_js": 0.002909494448379261,
      "has_ts": 0.010927341459470758,
      "has_rs": 0.0016751919399327717,
      "ast_total_nodes": 0.028279332527062384,
      "ast_max_depth": 0.022857561620810193,
      "ast_files_parsed": 0.008597757185900657,
      "ast_files_attempted": 0.00990011524627559,
      "ast_parse_success_rate": 0.0037817419907048696,
      "ast_error_node_count": 0.022525268196999654,
      "ast_func_def_count": 0.011752063034842327,
      "ast_class_def_count": 0.004928407842182031,
      "ast_if_count": 0.011777361556594753,
      "ast_loop_count": 0.006228359073714843,
      "ast_try_count": 0.0020983873424319,
      "ast_return_count": 0.011627617824405837,
      "ast_assignment_count": 0.018863577220605877,
      "cfg_total_nodes": 0.02163394375723077,
      "cfg_total_edges": 0.021495375201545222,
      "cfg_branch_nodes": 0.011811792609641167,
      "cfg_loop_nodes": 0.006759199693980049,
      "cfg_exit_nodes": 0.011746158221408929,
      "cfg_cyclomatic_complexity": 0.01307842735088743,
      "cfg_max_branch_depth": 0.006236910658724554,
      "cfg_avg_out_degree": 0.029099588280266916,
      "cfg_files_processed": 0.009171080483879346,
      "cfg_files_with_cfg": 0.008735711711468691,
      "repo_facebook/react": 0.017556360162574957,
      "repo_huggingface/transformers": 0.007586516886895154,
      "repo_kubernetes/kubernetes": 0.005863333712053212,
      "repo_microsoft/vscode": 0.02050829717364559,
      "repo_pandas-dev/pandas": 0.007533978032275391,
      "ast_missing": 0.0,
      "cfg_missing": 0.0016312625903271286
    }
  }
}