{
  "dummy": {
    "type": "DummyClassifier",
    "test_metrics": {
      "accuracy": 0.6429,
      "precision": 0.6429,
      "recall": 1.0,
      "f1_score": 0.7826,
      "roc_auc": 0.5
    }
  },
  "logistic_regression": {
    "type": "LogisticRegression",
    "test_metrics": {
      "accuracy": 0.8524,
      "precision": 0.9262,
      "recall": 0.837,
      "f1_score": 0.8794,
      "roc_auc": 0.934
    }
  },
  "svm": {
    "type": "SVM",
    "best_params": {
      "C": 10,
      "gamma": 0.01,
      "kernel": "rbf"
    },
    "best_cv_score": 0.9253181959929112,
    "train_time_s": 4.7,
    "test_metrics": {
      "accuracy": 0.8619,
      "precision": 0.8786,
      "recall": 0.9111,
      "f1_score": 0.8945,
      "roc_auc": 0.9111
    }
  },
  "random_forest": {
    "type": "RandomForest",
    "best_params": {
      "max_depth": 16,
      "max_features": "sqrt",
      "min_samples_leaf": 1,
      "min_samples_split": 2,
      "n_estimators": 200
    },
    "best_cv_score": 0.9413152836704686,
    "train_time_s": 23.4,
    "test_metrics": {
      "accuracy": 0.9,
      "precision": 0.9318,
      "recall": 0.9111,
      "f1_score": 0.9213,
      "roc_auc": 0.9546
    },
    "feature_importances": {
      "num_changed_files": 0.007997528127974596,
      "total_additions": 0.012349400784292506,
      "total_deletions": 0.014089287700579638,
      "num_commits": 0.0046770918559897005,
      "code_churn": 0.012028267466918681,
      "net_lines": 0.012907100421884261,
      "additions_per_file": 0.01326279051246405,
      "deletions_per_file": 0.012041447152213452,
      "commits_per_file": 0.009392497856092896,
      "large_pr_flag": 0.0006232698427659841,
      "title_len": 0.016399847316385996,
      "body_len": 0.018488841661115956,
      "commit_msg_len": 0.018038371723768827,
      "title_word_count": 0.016489604716796606,
      "body_word_count": 0.025717114958756993,
      "commit_msg_word_count": 0.014398749934092656,
      "has_issue_link": 0.0042084421705616,
      "has_release_note": 0.0056056084587523015,
      "body_empty_flag": 0.0002755295840422181,
      "num_code_files": 0.004211969702333697,
      "num_doc_files": 0.0036917532948620513,
      "num_config_files": 0.008262264311132294,
      "num_test_files": 0.005662448265663236,
      "test_file_ratio": 0.009499802888331854,
      "code_file_ratio": 0.005776973983321589,
      "doc_file_ratio": 0.005332116800792528,
      "has_py": 0.0022050709143830254,
      "has_go": 0.0045082587719065615,
      "has_js": 0.0008005351080298776,
      "has_ts": 0.0034018545571703022,
      "has_rs": 0.006415495706679763,
      "ast_total_nodes": 0.011025845241648584,
      "ast_max_depth": 0.008729065271952434,
      "ast_files_parsed": 0.0036130479375653993,
      "ast_files_attempted": 0.005203016101945104,
      "ast_parse_success_rate": 0.0014404827729896845,
      "ast_error_node_count": 0.007573300716081563,
      "ast_func_def_count": 0.004626526068983297,
      "ast_class_def_count": 0.002012047037956315,
      "ast_if_count": 0.004308507279829947,
      "ast_loop_count": 0.0029797593576953306,
      "ast_try_count": 0.0006813605179022435,
      "ast_return_count": 0.00420830049674662,
      "ast_assignment_count": 0.006920436128276168,
      "cfg_total_nodes": 0.008529850219668032,
      "cfg_total_edges": 0.008166040626987404,
      "cfg_branch_nodes": 0.0045815903919777905,
      "cfg_loop_nodes": 0.002690983019173838,
      "cfg_exit_nodes": 0.004680478923577976,
      "cfg_cyclomatic_complexity": 0.0050159537691392584,
      "cfg_max_branch_depth": 0.001989429487524933,
      "cfg_avg_out_degree": 0.012076652599886486,
      "cfg_files_processed": 0.005235967558701425,
      "cfg_files_with_cfg": 0.00431894151645823,
      "repo_facebook/react": 0.006365431494405542,
      "repo_huggingface/transformers": 0.003610230583966171,
      "repo_kubernetes/kubernetes": 0.007059837288609012,
      "repo_microsoft/vscode": 0.003530613202445197,
      "repo_pandas-dev/pandas": 0.005979952222501501,
      "num_reviewers": 0.061069467397111825,
      "num_review_comments": 0.07169203937827719,
      "num_inline_comments": 0.014815527085253095,
      "num_labels": 0.0255606742073386,
      "review_intensity": 0.10015846242080037,
      "has_ai_reviewer": 0.011616578262649798,
      "review_decision_APPROVED": 0.17978201337516808,
      "review_decision_CHANGES_REQUESTED": 0.004313642520111752,
      "review_decision_COMMENTED": 0.03152432000599757,
      "review_decision_NONE": 0.07255417159731967,
      "ast_missing": 0.0,
      "cfg_missing": 0.0010001193653207186
    }
  }
}